Date,Temperature,Rainfall,CO2_ppm,Humidity,Year,Month
1980-01-01,14.25,87.79,337.97,69.29,1980,1
1980-02-01,16.44,57.87,339.33,71.93,1980,2
1980-03-01,18.66,107.82,338.85,66.76,1980,3
1980-04-01,19.78,40.15,338.1,61.33,1980,4
1980-05-01,18.23,86.68,339.39,56.72,1980,5
1980-06-01,16.41,48.67,335.93,65.86,1980,6
1980-07-01,14.82,60.44,340.08,54.28,1980,7
1980-08-01,11.92,76.42,337.35,35.79,1980,8
1980-09-01,9.47,45.53,338.88,69.37,1980,9
1980-10-01,9.31,58.46,338.28,74.04,1980,10
1980-11-01,9.49,101.53,338.26,41.37,1980,11
1980-12-01,11.32,57.69,340.87,54.9,1980,12
1981-01-01,14.18,105.07,339.4,71.19,1981,1
1981-02-01,15.61,51.11,340.37,85.57,1981,2
1981-03-01,17.53,104.55,340.13,65.21,1981,3
1981-04-01,18.79,133.25,340.81,57.72,1981,4
1981-05-01,17.9,14.51,340.57,63.17,1981,5
1981-06-01,16.74,61.09,339.36,78.75,1981,6
1981-07-01,13.63,97.31,341.8,58.54,1981,7
1981-08-01,10.88,68.91,340.46,57.01,1981,8
1981-09-01,14.79,82.47,339.56,60.17,1981,9
1981-10-01,8.99,51.88,340.84,55.47,1981,10
1981-11-01,9.81,73.94,342.92,66.23,1981,11
1981-12-01,10.9,70.33,342.43,81.25,1981,12
1982-01-01,13.84,115.03,341.39,68.23,1982,1
1982-02-01,16.67,92.63,341.54,62.48,1982,2
1982-03-01,17.88,98.79,341.72,62.08,1982,3
1982-04-01,19.32,77.64,344.28,49.37,1982,4
1982-05-01,18.16,74.03,342.74,73.83,1982,5
1982-06-01,16.49,72.02,342.94,64.22,1982,6
1982-07-01,13.84,91.83,343.7,63.2,1982,7
1982-08-01,12.57,62.37,343.06,95.0,1982,8
1982-09-01,9.81,80.03,342.72,67.99,1982,9
1982-10-01,8.63,132.26,342.94,57.48,1982,10
1982-11-01,10.24,97.47,343.22,60.74,1982,11
1982-12-01,11.06,65.22,343.41,76.48,1982,12
1983-01-01,17.79,116.04,344.33,66.13,1983,1
1983-02-01,15.7,72.76,343.81,50.62,1983,2
1983-03-01,17.85,27.52,344.65,74.19,1983,3
1983-04-01,19.28,59.76,343.99,58.32,1983,4
1983-05-01,18.89,32.54,344.3,83.73,1983,5
1983-06-01,16.78,74.45,342.38,75.8,1983,6
1983-07-01,14.14,80.55,345.45,60.53,1983,7
1983-08-01,11.55,125.29,345.04,77.81,1983,8
1983-09-01,9.14,81.15,345.84,65.68,1983,9
1983-10-01,8.85,63.43,342.11,73.53,1983,10
1983-11-01,9.66,96.22,347.25,69.85,1983,11
1983-12-01,12.25,8.67,345.17,56.54,1983,12
1984-01-01,14.4,87.07,346.58,58.56,1984,1
1984-02-01,15.85,108.13,344.58,75.3,1984,2
1984-03-01,18.73,44.3,346.39,61.65,1984,3
1984-04-01,19.05,124.31,344.88,60.96,1984,4
1984-05-01,18.24,98.82,345.47,55.45,1984,5
1984-06-01,17.06,72.54,348.16,69.24,1984,6
1984-07-01,14.77,98.98,346.21,85.63,1984,7
1984-08-01,12.23,143.12,346.78,54.32,1984,8
1984-09-01,9.52,76.8,347.58,65.24,1984,9
1984-10-01,9.12,77.45,347.36,79.12,1984,10
1984-11-01,10.11,57.56,347.18,64.2,1984,11
1984-12-01,12.27,49.5,347.55,69.52,1984,12
1985-01-01,14.05,104.91,349.74,54.38,1985,1
1985-02-01,16.7,59.32,347.43,69.28,1985,2
1985-03-01,18.07,90.81,347.85,63.13,1985,3
1985-04-01,18.7,75.67,348.85,74.86,1985,4
1985-05-01,19.04,103.03,349.06,76.87,1985,5
1985-06-01,17.49,95.01,349.3,90.9,1985,6
1985-07-01,14.28,111.13,348.91,70.8,1985,7
1985-08-01,12.32,59.7,347.28,68.26,1985,8
1985-09-01,10.17,63.24,350.21,66.94,1985,9
1985-10-01,9.0,40.64,347.59,61.47,1985,10
1985-11-01,10.18,58.01,349.19,68.38,1985,11
1985-12-01,12.61,86.32,348.29,62.05,1985,12
1986-01-01,14.32,102.71,349.14,66.68,1986,1
1986-02-01,17.63,57.34,349.69,78.18,1986,2
1986-03-01,17.37,114.75,349.84,54.93,1986,3
1986-04-01,19.77,130.67,350.09,76.4,1986,4
1986-05-01,18.73,101.06,351.44,78.17,1986,5
1986-06-01,16.72,141.3,350.43,63.82,1986,6
1986-07-01,14.42,56.79,349.89,43.78,1986,7
1986-08-01,10.88,37.66,351.26,58.92,1986,8
1986-09-01,9.94,17.98,351.64,77.97,1986,9
1986-10-01,9.56,114.88,349.38,64.77,1986,10
1986-11-01,10.8,90.97,351.36,55.01,1986,11
1986-12-01,11.63,73.33,351.62,59.95,1986,12
1987-01-01,13.99,88.4,350.77,73.41,1987,1
1987-02-01,16.65,51.24,352.6,70.47,1987,2
1987-03-01,19.2,162.03,351.23,62.61,1987,3
1987-04-01,19.58,93.88,351.66,61.33,1987,4
1987-05-01,18.48,91.94,351.52,61.08,1987,5
1987-06-01,17.18,106.77,351.86,55.78,1987,6
1987-07-01,14.48,94.43,350.91,81.15,1987,7
1987-08-01,12.42,81.72,350.72,61.78,1987,8
1987-09-01,9.76,47.63,353.91,77.17,1987,9
1987-10-01,9.28,84.14,351.62,80.21,1987,10
1987-11-01,9.92,127.8,351.63,74.98,1987,11
1987-12-01,11.22,115.36,350.63,60.68,1987,12
1988-01-01,14.6,127.8,352.3,69.04,1988,1
1988-02-01,17.09,69.66,351.77,64.76,1988,2
1988-03-01,18.8,58.97,354.89,55.96,1988,3
1988-04-01,19.35,86.23,354.41,68.24,1988,4
1988-05-01,18.1,90.33,352.87,53.21,1988,5
1988-06-01,16.77,117.83,355.97,76.88,1988,6
1988-07-01,14.31,29.23,354.85,60.35,1988,7
1988-08-01,11.59,120.89,353.7,67.01,1988,8
1988-09-01,10.08,66.6,351.68,67.83,1988,9
1988-10-01,9.7,57.19,356.63,62.41,1988,10
1988-11-01,11.12,40.98,353.1,70.87,1988,11
1988-12-01,12.09,25.35,353.0,60.25,1988,12
1989-01-01,14.64,104.7,355.83,73.71,1989,1
1989-02-01,16.98,87.2,357.4,51.54,1989,2
1989-03-01,17.89,49.96,356.5,66.26,1989,3
1989-04-01,19.51,51.15,355.84,84.39,1989,4
1989-05-01,18.89,78.59,356.02,55.0,1989,5
1989-06-01,18.27,135.07,356.44,58.22,1989,6
1989-07-01,14.44,72.21,356.5,70.14,1989,7
1989-08-01,12.2,29.91,356.17,66.8,1989,8
1989-09-01,10.2,63.97,356.15,68.51,1989,9
1989-10-01,8.97,61.82,356.14,69.89,1989,10
1989-11-01,10.8,9.57,355.61,71.35,1989,11
1989-12-01,12.44,73.37,356.24,76.1,1989,12
1990-01-01,14.96,73.07,354.98,69.1,1990,1
1990-02-01,16.62,105.89,356.73,62.59,1990,2
1990-03-01,19.61,144.13,355.99,71.73,1990,3
1990-04-01,18.88,123.8,356.03,84.0,1990,4
1990-05-01,19.21,80.59,357.47,63.67,1990,5
1990-06-01,18.19,51.8,358.84,55.25,1990,6
1990-07-01,14.1,157.2,358.52,76.07,1990,7
1990-08-01,11.82,76.78,356.19,63.8,1990,8
1990-09-01,10.33,71.76,356.93,43.27,1990,9
1990-10-01,9.36,69.28,359.01,73.47,1990,10
1990-11-01,9.51,77.28,357.25,59.65,1990,11
1990-12-01,12.16,70.67,358.16,64.09,1990,12
1991-01-01,14.1,62.79,359.09,68.32,1991,1
1991-02-01,17.37,68.59,357.73,66.9,1991,2
1991-03-01,18.51,87.68,358.96,72.09,1991,3
1991-04-01,20.42,73.7,357.67,60.65,1991,4
1991-05-01,18.58,67.27,358.56,70.13,1991,5
1991-06-01,16.99,88.19,359.64,62.4,1991,6
1991-07-01,15.06,72.35,357.88,72.39,1991,7
1991-08-01,11.54,120.12,360.07,71.15,1991,8
1991-09-01,10.45,8.19,359.76,55.65,1991,9
1991-10-01,10.32,102.75,360.49,75.86,1991,10
1991-11-01,9.54,108.72,360.32,59.64,1991,11
1991-12-01,16.92,12.8,361.61,73.08,1991,12
1992-01-01,14.81,69.72,360.53,68.67,1992,1
1992-02-01,17.58,73.86,360.13,83.38,1992,2
1992-03-01,18.4,46.43,360.84,62.77,1992,3
1992-04-01,19.04,66.67,361.42,61.51,1992,4
1992-05-01,19.29,55.34,361.08,64.81,1992,5
1992-06-01,17.36,137.57,361.22,61.97,1992,6
1992-07-01,14.84,108.07,360.64,73.0,1992,7
1992-08-01,12.39,113.15,360.83,48.84,1992,8
1992-09-01,10.05,92.99,360.25,54.46,1992,9
1992-10-01,9.84,36.13,363.56,54.32,1992,10
1992-11-01,10.55,55.6,360.72,74.5,1992,11
1992-12-01,11.88,89.68,361.42,82.11,1992,12
1993-01-01,15.67,43.34,361.55,63.96,1993,1
1993-02-01,17.48,106.39,363.32,63.31,1993,2
1993-03-01,18.48,81.45,362.29,65.7,1993,3
1993-04-01,20.08,78.76,363.99,76.62,1993,4
1993-05-01,18.6,109.99,362.22,55.73,1993,5
1993-06-01,17.66,98.33,363.33,67.38,1993,6
1993-07-01,15.35,69.17,362.37,74.75,1993,7
1993-08-01,11.86,109.78,365.51,70.01,1993,8
1993-09-01,10.93,38.91,362.33,66.9,1993,9
1993-10-01,9.99,88.48,363.98,75.01,1993,10
1993-11-01,10.87,89.13,364.46,37.97,1993,11
1993-12-01,13.24,65.71,364.4,71.78,1993,12
1994-01-01,14.67,89.78,363.96,58.46,1994,1
1994-02-01,16.92,47.47,364.17,46.69,1994,2
1994-03-01,18.69,116.38,364.5,70.11,1994,3
1994-04-01,22.84,84.45,364.46,78.74,1994,4
1994-05-01,19.11,72.98,365.73,63.63,1994,5
1994-06-01,17.49,116.47,367.13,74.53,1994,6
1994-07-01,14.96,58.87,364.52,81.12,1994,7
1994-08-01,12.74,32.75,363.86,78.15,1994,8
1994-09-01,10.51,24.64,365.3,81.4,1994,9
1994-10-01,10.57,88.18,368.12,72.42,1994,10
1994-11-01,10.38,32.93,364.89,65.75,1994,11
1994-12-01,13.71,127.64,367.49,48.98,1994,12
1995-01-01,15.17,17.54,367.69,62.54,1995,1
1995-02-01,16.93,135.89,365.61,56.57,1995,2
1995-03-01,18.66,94.99,366.89,86.71,1995,3
1995-04-01,20.11,87.1,368.1,63.24,1995,4
1995-05-01,19.09,72.31,366.25,66.23,1995,5
1995-06-01,17.73,96.97,366.58,70.51,1995,6
1995-07-01,15.12,78.87,366.36,65.44,1995,7
1995-08-01,12.35,108.1,366.08,81.95,1995,8
1995-09-01,10.14,74.77,366.6,58.77,1995,9
1995-10-01,13.96,74.51,366.18,66.95,1995,10
1995-11-01,10.35,60.43,367.6,57.58,1995,11
1995-12-01,12.83,73.29,366.95,51.8,1995,12
1996-01-01,15.02,89.23,368.11,58.88,1996,1
1996-02-01,16.79,33.69,366.47,64.63,1996,2
1996-03-01,19.34,48.21,368.52,60.71,1996,3
1996-04-01,20.12,112.3,369.18,58.08,1996,4
1996-05-01,18.82,93.79,366.5,50.94,1996,5
1996-06-01,17.51,79.48,369.03,64.17,1996,6
1996-07-01,14.97,80.55,370.04,49.95,1996,7
1996-08-01,11.87,85.43,367.75,72.6,1996,8
1996-09-01,10.8,55.15,370.79,65.82,1996,9
1996-10-01,10.23,46.65,369.69,50.42,1996,10
1996-11-01,11.17,77.22,368.73,61.91,1996,11
1996-12-01,12.99,45.65,369.53,57.48,1996,12
1997-01-01,14.28,92.25,370.3,68.19,1997,1
1997-02-01,17.0,33.92,369.97,78.4,1997,2
1997-03-01,19.56,119.53,370.59,46.25,1997,3
1997-04-01,20.24,104.18,369.29,66.15,1997,4
1997-05-01,19.57,96.34,370.53,63.4,1997,5
1997-06-01,19.42,114.48,369.11,71.71,1997,6
1997-07-01,15.28,129.96,370.56,67.13,1997,7
1997-08-01,13.07,105.43,369.93,57.48,1997,8
1997-09-01,11.15,16.11,370.25,61.81,1997,9
1997-10-01,10.34,31.61,372.38,57.04,1997,10
1997-11-01,10.53,52.6,372.39,75.76,1997,11
1997-12-01,12.9,75.78,372.06,65.21,1997,12
1998-01-01,14.64,95.53,370.52,84.01,1998,1
1998-02-01,17.41,63.23,371.45,64.39,1998,2
1998-03-01,19.12,94.26,373.13,57.92,1998,3
1998-04-01,20.08,67.34,372.22,49.86,1998,4
1998-05-01,20.53,70.31,374.55,46.97,1998,5
1998-06-01,16.61,42.8,372.78,49.16,1998,6
1998-07-01,15.4,52.3,372.73,67.67,1998,7
1998-08-01,11.75,34.45,372.39,70.09,1998,8
1998-09-01,10.5,42.06,372.99,49.19,1998,9
1998-10-01,10.61,101.61,372.86,73.95,1998,10
1998-11-01,10.77,42.86,373.87,60.17,1998,11
1998-12-01,12.04,153.97,374.28,66.47,1998,12
1999-01-01,14.72,94.8,372.69,81.12,1999,1
1999-02-01,17.93,90.55,372.3,73.97,1999,2
1999-03-01,19.06,62.91,371.95,62.31,1999,3
1999-04-01,20.2,111.01,374.45,56.09,1999,4
1999-05-01,19.45,71.39,373.0,43.48,1999,5
1999-06-01,17.28,88.66,372.1,57.81,1999,6
1999-07-01,16.18,156.8,374.8,62.89,1999,7
1999-08-01,12.93,72.12,377.06,55.13,1999,8
1999-09-01,9.78,105.82,374.71,63.69,1999,9
1999-10-01,15.0,48.9,375.72,65.77,1999,10
1999-11-01,10.47,70.29,375.11,62.75,1999,11
1999-12-01,13.06,128.12,375.09,58.5,1999,12
2000-01-01,14.74,61.19,376.26,66.69,2000,1
2000-02-01,17.59,139.37,375.21,69.42,2000,2
2000-03-01,19.73,109.89,375.92,54.1,2000,3
2000-04-01,20.59,73.13,376.13,79.11,2000,4
2000-05-01,18.89,107.63,375.3,64.01,2000,5
2000-06-01,17.49,114.18,377.11,65.19,2000,6
2000-07-01,14.93,98.65,376.1,72.08,2000,7
2000-08-01,12.35,27.89,375.68,67.33,2000,8
2000-09-01,11.73,49.53,377.12,74.53,2000,9
2000-10-01,10.38,62.57,375.85,67.87,2000,10
2000-11-01,10.23,69.11,376.93,58.88,2000,11
2000-12-01,13.15,93.62,377.05,68.62,2000,12
2001-01-01,16.26,85.33,378.3,53.56,2001,1
2001-02-01,18.22,44.94,377.84,66.09,2001,2
2001-03-01,18.78,100.07,377.5,64.67,2001,3
2001-04-01,19.97,108.32,378.5,62.92,2001,4
2001-05-01,20.18,105.45,379.22,63.71,2001,5
2001-06-01,17.37,117.42,378.55,46.18,2001,6
2001-07-01,15.45,105.02,378.15,59.51,2001,7
2001-08-01,13.12,88.78,376.99,65.93,2001,8
2001-09-01,10.44,69.23,377.39,66.6,2001,9
2001-10-01,10.21,20.17,378.31,54.72,2001,10
2001-11-01,9.29,84.23,378.16,77.66,2001,11
2001-12-01,12.24,81.23,378.74,56.34,2001,12
2002-01-01,15.13,88.15,379.13,74.69,2002,1
2002-02-01,17.13,46.7,379.76,69.27,2002,2
2002-03-01,20.41,56.23,379.32,58.54,2002,3
2002-04-01,19.55,121.59,380.03,82.75,2002,4
2002-05-01,19.38,87.47,379.76,53.06,2002,5
2002-06-01,17.84,105.45,377.88,74.19,2002,6
2002-07-01,19.21,80.85,379.07,75.01,2002,7
2002-08-01,12.07,75.89,380.02,58.29,2002,8
2002-09-01,11.54,99.49,379.11,78.92,2002,9
2002-10-01,10.3,54.52,381.08,62.5,2002,10
2002-11-01,10.48,74.22,382.16,67.89,2002,11
2002-12-01,13.04,61.13,382.01,67.6,2002,12
2003-01-01,15.41,66.97,380.73,63.66,2003,1
2003-02-01,17.51,75.72,382.59,73.11,2003,2
2003-03-01,19.68,95.32,381.4,72.93,2003,3
2003-04-01,20.13,75.64,381.07,47.51,2003,4
2003-05-01,19.72,126.33,380.95,78.04,2003,5
2003-06-01,18.16,58.16,381.42,48.38,2003,6
2003-07-01,16.13,74.39,381.49,75.33,2003,7
2003-08-01,12.22,61.81,382.2,76.27,2003,8
2003-09-01,12.08,114.75,382.35,54.09,2003,9
2003-10-01,9.38,75.9,382.35,60.89,2003,10
2003-11-01,10.95,102.3,382.94,53.94,2003,11
2003-12-01,13.16,30.43,383.85,62.85,2003,12
2004-01-01,15.51,88.01,383.76,61.92,2004,1
2004-02-01,17.56,111.69,381.48,72.8,2004,2
2004-03-01,19.6,91.13,380.57,78.1,2004,3
2004-04-01,20.13,121.96,384.21,78.96,2004,4
2004-05-01,25.2,73.14,382.07,59.38,2004,5
2004-06-01,18.31,127.28,383.37,62.91,2004,6
2004-07-01,15.57,148.97,382.58,48.17,2004,7
2004-08-01,12.55,64.11,382.1,56.94,2004,8
2004-09-01,11.52,57.97,384.6,74.65,2004,9
2004-10-01,10.56,113.6,384.97,81.16,2004,10
2004-11-01,11.49,118.73,383.79,52.66,2004,11
2004-12-01,13.23,59.31,381.93,59.08,2004,12
2005-01-01,15.01,67.39,384.13,64.74,2005,1
2005-02-01,17.65,76.55,385.23,67.8,2005,2
2005-03-01,20.14,48.33,383.51,56.9,2005,3
2005-04-01,20.74,62.44,385.33,69.24,2005,4
2005-05-01,19.76,58.54,385.29,60.26,2005,5
2005-06-01,18.01,61.97,386.04,64.86,2005,6
2005-07-01,16.09,78.96,385.73,70.46,2005,7
2005-08-01,12.66,82.03,384.8,65.06,2005,8
2005-09-01,11.4,117.85,387.12,60.64,2005,9
2005-10-01,10.36,40.05,385.92,63.9,2005,10
2005-11-01,11.03,100.87,386.21,64.12,2005,11
2005-12-01,13.52,68.58,385.46,61.3,2005,12
2006-01-01,15.89,78.52,386.1,62.41,2006,1
2006-02-01,18.39,105.24,385.82,80.99,2006,2
2006-03-01,20.47,54.98,386.68,70.61,2006,3
2006-04-01,20.5,101.47,388.72,62.05,2006,4
2006-05-01,20.17,93.65,385.8,71.97,2006,5
2006-06-01,17.85,99.77,385.71,61.66,2006,6
2006-07-01,15.67,88.68,388.95,76.73,2006,7
2006-08-01,12.95,148.66,387.43,68.7,2006,8
2006-09-01,11.24,52.21,387.12,63.93,2006,9
2006-10-01,10.82,54.07,388.99,69.48,2006,10
2006-11-01,10.79,52.65,387.5,49.29,2006,11
2006-12-01,14.08,58.34,390.08,53.73,2006,12
2007-01-01,15.03,60.88,389.09,53.06,2007,1
2007-02-01,17.43,120.67,388.08,66.43,2007,2
2007-03-01,20.46,131.28,390.88,82.33,2007,3
2007-04-01,20.95,72.88,388.27,87.31,2007,4
2007-05-01,20.2,63.69,389.78,71.38,2007,5
2007-06-01,18.37,99.14,389.49,70.01,2007,6
2007-07-01,15.56,63.43,390.65,46.99,2007,7
2007-08-01,12.62,93.99,391.06,59.57,2007,8
2007-09-01,11.28,77.43,389.69,57.12,2007,9
2007-10-01,10.24,24.53,389.06,58.79,2007,10
2007-11-01,11.74,117.76,390.43,63.32,2007,11
2007-12-01,13.02,128.88,389.45,60.28,2007,12
2008-01-01,15.18,61.62,392.29,45.21,2008,1
2008-02-01,17.94,73.37,390.57,72.48,2008,2
2008-03-01,20.14,97.24,390.23,54.27,2008,3
2008-04-01,20.33,100.03,390.93,67.39,2008,4
2008-05-01,24.6,108.42,389.56,85.74,2008,5
2008-06-01,18.24,145.31,390.09,55.81,2008,6
2008-07-01,15.74,74.69,392.41,39.7,2008,7
2008-08-01,12.87,51.05,390.71,62.14,2008,8
2008-09-01,11.07,29.96,390.48,76.01,2008,9
2008-10-01,10.75,48.07,392.22,84.58,2008,10
2008-11-01,10.59,70.35,393.02,52.7,2008,11
2008-12-01,12.44,128.84,392.71,69.97,2008,12
2009-01-01,15.29,64.47,393.14,60.35,2009,1
2009-02-01,18.05,91.71,391.55,63.94,2009,2
2009-03-01,20.15,88.17,391.04,91.44,2009,3
2009-04-01,21.4,125.65,394.12,49.97,2009,4
2009-05-01,20.43,164.47,392.45,67.54,2009,5
2009-06-01,18.09,69.07,392.68,69.68,2009,6
2009-07-01,15.67,65.32,394.41,75.86,2009,7
2009-08-01,12.68,106.32,393.79,65.98,2009,8
2009-09-01,11.35,91.8,393.85,68.08,2009,9
2009-10-01,10.55,125.4,395.71,61.08,2009,10
2009-11-01,16.62,88.86,393.06,67.69,2009,11
2009-12-01,12.79,64.22,394.79,61.57,2009,12
2010-01-01,15.97,97.72,394.07,71.22,2010,1
2010-02-01,18.98,118.26,394.44,61.3,2010,2
2010-03-01,19.99,113.27,395.85,68.77,2010,3
2010-04-01,20.92,105.22,394.99,64.71,2010,4
2010-05-01,20.4,120.66,395.18,76.26,2010,5
2010-06-01,18.03,120.08,395.87,64.49,2010,6
2010-07-01,15.85,121.46,394.58,47.27,2010,7
2010-08-01,13.25,94.46,394.27,77.62,2010,8
2010-09-01,11.46,66.33,394.22,55.94,2010,9
2010-10-01,10.36,74.4,393.45,58.46,2010,10
2010-11-01,11.44,107.54,397.63,59.04,2010,11
2010-12-01,13.51,50.49,394.62,78.74,2010,12
2011-01-01,16.49,91.06,395.66,43.64,2011,1
2011-02-01,18.75,73.2,395.76,95.0,2011,2
2011-03-01,21.18,89.52,396.5,75.56,2011,3
2011-04-01,20.4,128.35,397.16,67.23,2011,4
2011-05-01,20.55,94.39,397.37,64.45,2011,5
2011-06-01,18.38,86.39,396.08,67.86,2011,6
2011-07-01,16.89,39.2,396.65,70.21,2011,7
2011-08-01,12.89,97.39,397.25,71.45,2011,8
2011-09-01,11.05,90.7,396.88,70.56,2011,9
2011-10-01,10.51,134.9,398.89,65.9,2011,10
2011-11-01,10.42,62.11,397.93,63.03,2011,11
2011-12-01,13.05,81.57,398.33,63.49,2011,12
2012-01-01,15.44,87.48,398.41,63.05,2012,1
2012-02-01,18.4,132.32,399.08,76.34,2012,2
2012-03-01,20.33,85.8,398.24,70.94,2012,3
2012-04-01,21.77,98.37,396.92,35.6,2012,4
2012-05-01,20.65,106.9,398.77,71.56,2012,5
2012-06-01,18.06,90.6,397.88,66.95,2012,6
2012-07-01,15.4,66.61,398.15,64.81,2012,7
2012-08-01,13.6,80.82,399.43,61.11,2012,8
2012-09-01,10.87,103.55,400.23,76.24,2012,9
2012-10-01,11.78,39.2,399.17,74.48,2012,10
2012-11-01,12.13,75.33,399.61,57.27,2012,11
2012-12-01,13.14,54.0,401.16,69.07,2012,12
2013-01-01,15.02,115.85,399.86,55.28,2013,1
2013-02-01,19.06,39.3,402.37,51.2,2013,2
2013-03-01,20.16,71.89,400.49,58.73,2013,3
2013-04-01,21.51,101.32,398.32,73.62,2013,4
2013-05-01,19.43,135.63,400.99,74.53,2013,5
2013-06-01,18.1,83.03,400.78,70.13,2013,6
2013-07-01,15.91,63.34,401.84,72.25,2013,7
2013-08-01,13.44,131.43,401.38,70.16,2013,8
2013-09-01,11.36,27.9,400.72,58.59,2013,9
2013-10-01,11.23,4.04,399.79,69.32,2013,10
2013-11-01,11.06,84.54,400.96,73.0,2013,11
2013-12-01,13.36,59.94,400.48,72.54,2013,12
2014-01-01,16.0,49.36,400.9,76.89,2014,1
2014-02-01,18.7,106.25,402.23,72.08,2014,2
2014-03-01,20.63,95.97,403.46,68.51,2014,3
2014-04-01,20.39,73.08,402.35,75.7,2014,4
2014-05-01,19.52,50.25,400.91,64.73,2014,5
2014-06-01,19.1,111.17,402.71,56.18,2014,6
2014-07-01,16.13,99.51,403.61,63.37,2014,7
2014-08-01,13.09,72.02,401.96,57.55,2014,8
2014-09-01,12.42,126.74,402.59,58.25,2014,9
2014-10-01,11.04,37.9,402.9,63.55,2014,10
2014-11-01,12.24,25.57,402.25,57.08,2014,11
2014-12-01,13.52,54.24,403.84,61.92,2014,12
2015-01-01,17.02,78.63,403.23,46.06,2015,1
2015-02-01,19.37,92.3,403.93,67.13,2015,2
2015-03-01,20.21,81.42,402.77,65.01,2015,3
2015-04-01,21.49,100.56,403.38,56.83,2015,4
2015-05-01,20.66,51.11,404.7,71.59,2015,5
2015-06-01,19.2,128.31,403.76,74.38,2015,6
2015-07-01,15.54,77.54,406.01,48.92,2015,7
2015-08-01,13.87,108.52,404.04,57.37,2015,8
2015-09-01,12.23,81.62,404.82,57.31,2015,9
2015-10-01,10.16,83.7,405.68,55.6,2015,10
2015-11-01,11.12,88.43,403.49,73.29,2015,11
2015-12-01,12.52,88.43,403.3,63.06,2015,12
2016-01-01,15.91,99.28,403.69,62.35,2016,1
2016-02-01,18.91,124.87,406.64,44.96,2016,2
2016-03-01,21.14,94.56,404.98,71.35,2016,3
2016-04-01,21.1,111.27,408.24,52.61,2016,4
2016-05-01,21.21,85.97,405.28,65.6,2016,5
2016-06-01,17.88,128.2,406.18,67.77,2016,6
2016-07-01,15.23,59.71,407.69,78.61,2016,7
2016-08-01,13.55,129.03,408.31,51.91,2016,8
2016-09-01,11.95,70.14,408.52,34.8,2016,9
2016-10-01,11.08,27.08,407.83,66.84,2016,10
2016-11-01,14.01,75.18,407.8,83.01,2016,11
2016-12-01,13.56,54.57,407.52,77.39,2016,12
2017-01-01,15.45,105.22,407.86,67.1,2017,1
2017-02-01,18.95,65.42,406.69,60.08,2017,2
2017-03-01,20.63,75.27,406.58,73.07,2017,3
2017-04-01,20.65,33.31,407.55,55.26,2017,4
2017-05-01,20.2,75.09,407.54,69.76,2017,5
2017-06-01,18.1,12.28,407.41,70.05,2017,6
2017-07-01,16.1,32.48,408.72,75.6,2017,7
2017-08-01,14.12,97.81,409.13,92.6,2017,8
2017-09-01,11.32,94.91,408.42,68.92,2017,9
2017-10-01,11.4,82.76,409.96,59.91,2017,10
2017-11-01,11.56,42.33,407.5,64.74,2017,11
2017-12-01,13.26,73.57,408.6,47.31,2017,12
2018-01-01,16.11,79.89,408.24,58.05,2018,1
2018-02-01,18.15,50.25,407.24,60.91,2018,2
2018-03-01,20.23,133.76,409.18,59.76,2018,3
2018-04-01,20.58,116.32,409.3,66.52,2018,4
2018-05-01,21.49,82.03,411.09,56.78,2018,5
2018-06-01,18.7,85.81,410.36,76.21,2018,6
2018-07-01,15.84,86.25,408.86,65.0,2018,7
2018-08-01,13.8,13.75,411.9,64.91,2018,8
2018-09-01,11.81,63.92,411.42,61.72,2018,9
2018-10-01,11.1,49.54,410.94,66.55,2018,10
2018-11-01,12.19,41.29,410.28,73.25,2018,11
2018-12-01,14.09,66.57,409.7,56.33,2018,12
2019-01-01,15.95,133.93,410.45,58.42,2019,1
2019-02-01,18.44,104.23,412.06,61.96,2019,2
2019-03-01,20.42,71.52,413.02,51.54,2019,3
2019-04-01,20.08,107.18,412.83,56.81,2019,4
2019-05-01,19.81,130.64,410.95,60.24,2019,5
2019-06-01,19.43,112.74,410.48,73.74,2019,6
2019-07-01,17.07,81.79,411.89,67.63,2019,7
2019-08-01,13.63,55.59,410.14,66.94,2019,8
2019-09-01,12.22,92.29,412.39,73.51,2019,9
2019-10-01,11.42,81.8,412.07,63.63,2019,10
2019-11-01,13.48,98.2,411.91,68.9,2019,11
2019-12-01,14.33,94.06,410.94,63.97,2019,12
2020-01-01,16.21,111.49,413.2,67.65,2020,1
2020-02-01,18.3,68.94,412.31,59.17,2020,2
2020-03-01,19.81,128.18,411.83,40.61,2020,3
2020-04-01,21.39,95.93,410.28,63.66,2020,4
2020-05-01,20.25,150.92,413.28,79.23,2020,5
2020-06-01,18.09,64.32,415.24,74.26,2020,6
2020-07-01,15.98,132.08,415.28,74.65,2020,7
2020-08-01,13.27,80.94,413.32,77.36,2020,8
2020-09-01,12.83,51.8,413.33,65.89,2020,9
2020-10-01,11.76,55.48,414.56,66.97,2020,10
2020-11-01,11.99,61.73,413.24,58.82,2020,11
2020-12-01,19.12,87.72,414.7,61.84,2020,12
2021-01-01,16.37,95.69,415.32,71.16,2021,1
2021-02-01,18.41,67.79,415.94,77.04,2021,2
2021-03-01,21.44,87.93,414.77,63.61,2021,3
2021-04-01,21.62,154.27,414.82,60.5,2021,4
2021-05-01,20.16,140.49,414.3,65.01,2021,5
2021-06-01,18.76,98.09,414.51,71.01,2021,6
2021-07-01,15.92,81.14,415.26,50.56,2021,7
2021-08-01,13.18,78.6,416.01,42.04,2021,8
2021-09-01,12.5,89.75,416.71,59.49,2021,9
2021-10-01,12.33,39.32,415.15,52.79,2021,10
2021-11-01,16.57,63.62,417.6,59.92,2021,11
2021-12-01,14.17,24.94,415.99,63.52,2021,12
2022-01-01,16.07,91.98,416.4,60.47,2022,1
2022-02-01,18.65,104.42,415.83,79.52,2022,2
2022-03-01,20.43,74.16,414.31,68.27,2022,3
2022-04-01,20.97,137.22,417.77,68.0,2022,4
2022-05-01,20.76,51.89,417.78,71.22,2022,5
2022-06-01,18.5,41.07,416.92,53.61,2022,6
2022-07-01,16.55,86.73,417.42,75.39,2022,7
2022-08-01,13.9,106.41,418.03,64.24,2022,8
2022-09-01,16.87,121.86,416.1,71.7,2022,9
2022-10-01,10.98,56.23,417.29,54.28,2022,10
2022-11-01,11.82,103.7,418.77,49.46,2022,11
2022-12-01,14.32,73.84,416.88,73.18,2022,12
2023-01-01,16.7,74.82,418.58,68.76,2023,1
2023-02-01,18.46,111.51,417.09,55.98,2023,2
2023-03-01,20.84,108.23,419.07,56.3,2023,3
2023-04-01,21.84,42.71,418.72,76.25,2023,4
2023-05-01,24.34,132.96,417.3,53.11,2023,5
2023-06-01,19.24,126.4,420.23,81.43,2023,6
2023-07-01,16.14,61.23,418.49,55.99,2023,7
2023-08-01,14.27,86.87,418.57,71.38,2023,8
2023-09-01,11.77,86.16,419.73,61.71,2023,9
2023-10-01,10.59,77.82,420.84,71.03,2023,10
2023-11-01,11.35,54.83,418.83,59.56,2023,11
2023-12-01,14.02,54.85,420.06,63.37,2023,12
